capacity;failure_rate;id;margin;price;prod_cost;product_type;quality;warranty;attractiveness
21.313063800841288;0.037927817978957286;20049;613.0617618630818;768.160604890966;155.09884302788427;auto-portee;Medium;3 ans;0.8503827026850046
25.79723406013452;0.038663963701407005;19699;701.3216077151046;865.7275397711708;164.405932056066;auto-portee;Low;3 ans;0.6684700345540855
14.31408332521242;0.0431181216522151;19704;654.1474975777737;807.3741576340544;153.22666005628074;auto-portee;Low;3 ans;0.6827415906061707
29.754389588650017;0.03855058797372652;20072;669.0832392823254;866.5739543199292;197.49071503760385;auto-portee;Low;3 ans;0.6636761059771525
24.915115505788485;0.03882929346392417;20183;675.3132205876365;859.2057915283638;183.89257094072744;auto-portee;Low;3 ans;0.6602234605517538
20.20228849768663;0.037941561777673966;19967;669.1541607544888;805.1166317604848;135.9624710059959;auto-portee;Low;3 ans;0.6941410088487205
25.91785164400127;0.033390234638945616;20046;718.8883696033963;877.7615174976632;158.87314789426682;auto-portee;Hight;3 ans;0.8846005744020791
14.468300430623625;0.029200786411633657;19897;695.5989001901152;852.9357274554151;157.3368272652997;auto-portee;Medium;3 ans;0.801650035229104
18.590439074451638;0.04026563998197258;20160;672.4453081046313;821.4453265073417;149.00001840271037;auto-portee;Low;3 ans;0.6797719804754343
10.949484307797107;0.03840950917804065;20058;653.0117892244605;828.7291185287163;175.71732930425563;auto-portee;Medium;3 ans;0.8023458916016737
19.789083025430795;0.03601482685285643;19859;695.8043038507769;856.3830766058452;160.57877275506814;auto-portee;Medium;3 ans;0.8031796952849501
13.513242544887724;0.037196107855638;20092;721.3670319745906;897.8875342721617;176.5205022975711;auto-portee;Low;3 ans;0.6376755444141184
9.643200637167826;0.03620172621968101;19893;717.7755844227278;913.1924575163091;195.41687309358127;auto-portee;Low;3 ans;0.624155994703091
16.043452735395512;0.03353749541028007;20086;648.5330694678638;843.0718904110722;194.53882094320832;auto-portee;Medium;3 ans;0.7908914081047391
11.556702534362454;0.03243554002251495;19864;719.339044013787;851.1437057518292;131.8046617380424;auto-portee;Low;3 ans;0.6681163548860947
20.414898640438413;0.041533593749882775;20246;727.9473385456184;885.2470885009667;157.29974995534818;auto-portee;Hight;3 ans;0.8737075410065027
17.606996696051297;0.037898757952139615;19819;667.7447573153395;836.551684839636;168.8069275242965;auto-portee;Low;3 ans;0.6641836189092705
16.879243861913253;0.03311446023747991;20139;735.2151039762763;902.4279920768815;167.21288810060534;auto-portee;Hight;3 ans;0.8635617488964704
18.342768508357608;0.03548372917493232;19715;644.5610716262574;792.9224079812241;148.36133635496657;auto-portee;Low;3 ans;0.6955167871960852
16.988370238322467;0.03506335642389403;19808;611.2975159000724;760.8915481460801;149.59403224600769;auto-portee;Medium;3 ans;0.8531111115289769
26.51459858586288;0.0337762983899958;19909;648.6800803934633;791.429235974253;142.74915558078976;auto-portee;Low;3 ans;0.710836457044072
34.10218871014892;0.04027738503189103;19747;642.1747891247312;824.7386292740903;182.563840149359;auto-portee;Low;3 ans;0.7006987969602059
10.68702238581294;0.03320507033507287;20221;680.7911557862668;845.5016681668834;164.71051238061668;auto-portee;Medium;3 ans;0.8004187225152637
16.7448826756962;0.03285554659435809;20028;709.3461420317363;835.3288806034757;125.98273857173922;auto-portee;Low;3 ans;0.6781908064028017
19.745615920741574;0.03611946947482781;20012;708.6523989842206;899.7747062483896;191.12230726416908;auto-portee;Low;3 ans;0.6364124414464496
10.730358064291634;0.0406609185578536;19737;680.55667576903;847.193592433384;166.63691666435383;auto-portee;Hight;3 ans;0.8704941616867221
30.28377750862914;0.033910005979389334;19763;711.3239386904843;899.6192540613807;188.29531537089642;auto-portee;Low;3 ans;0.6622621187979036
25.95764040805728;0.03740966348957429;19788;618.1770132757416;766.9152178753601;148.73820459961848;auto-portee;Low;3 ans;0.7237153332098916
31.161860375033523;0.03778013643545816;19935;665.072768465494;846.6141535025467;181.54138503705255;auto-portee;Low;3 ans;0.682361623298982
19.242867683861178;0.03644545835865448;19875;660.7638043965139;827.8686293782706;167.10482498175662;auto-portee;Low;3 ans;0.6706469276211009
21.973075316713814;0.04013660387512832;19924;672.7734551638476;861.6136695982635;188.840214434416;auto-portee;Low;3 ans;0.6511927686373817
21.67164307350329;0.04319890853044018;20029;658.1196697628322;835.365528826494;177.24585906366184;auto-portee;Low;3 ans;0.6663148990626735
32.05289125031448;0.03374267629945352;19794;636.5382652144112;810.9887181785782;174.45045296416697;auto-portee;Low;3 ans;0.703896348817667
25.38729588442882;0.03566116061020063;20091;649.5384424085223;818.9461868759222;169.4077444673998;auto-portee;Low;3 ans;0.6842902732707379
21.23568671653065;0.03075075073683107;20009;680.7000082072434;872.6820606275162;191.98205242027282;auto-portee;Medium;3 ans;0.7895567092509812
27.653785416756907;0.0347432425353193;19795;607.9195379218924;764.7059779313914;156.7864400094991;auto-portee;Low;3 ans;0.7263996895547016
12.27367091979974;0.03226776563027485;20065;629.647540235298;779.1529039646231;149.5053637293251;auto-portee;Low;3 ans;0.7012235561963265
29.784780423408453;0.038369124483250375;20188;666.6876346948692;828.103787231538;161.41615253666913;auto-portee;Low;3 ans;0.6939319229537282
15.300222414225619;0.04055232298543724;19832;748.3611550152947;915.5203768258436;167.1592218105491;auto-portee;Low;3 ans;0.6399408355941234
23.00331270391191;0.03481136417983303;20044;668.4464012045572;858.0109622395167;189.5645610349594;auto-portee;Medium;3 ans;0.7972499282629104
19.981183920317235;0.04095843530920319;20060;674.5790354724885;826.1928552742622;151.61381980177387;auto-portee;Low;3 ans;0.6781938675914323
12.699308542423621;0.036968611677545685;19826;675.203460025952;867.3749721837082;192.17151215775607;auto-portee;Low;3 ans;0.6377460294502231
37.840996130911854;0.04250288173777921;20253;636.3314547986815;812.5257513874968;176.1942965888152;auto-portee;Low;3 ans;0.7233145648020458
19.876066904381148;0.0385873542375788;20213;720.4103741385176;904.3047506843084;183.89437654579072;auto-portee;Low;3 ans;0.6394203912831489
10.774238984380373;0.038824198226949484;19818;635.702012268914;796.9711435527173;161.26913128380326;auto-portee;Medium;3 ans;0.8241279668760355
24.63673736922859;0.03920879262239863;20134;642.36653248366;794.9032034125221;152.5366709288621;auto-portee;Low;3 ans;0.701946664701572
19.384524844051327;0.037267802561156735;19986;599.9964701308329;738.4412398206531;138.44476968982002;auto-portee;Low;3 ans;0.7384519142489343
16.559122491696286;0.033317102066298114;20159;765.6777005736363;919.588020805446;153.91032023180983;auto-portee;Hight;3 ans;0.8681807882645303
28.152638230590235;0.03830144364795237;20106;715.3201296499243;912.0585809063859;196.73845125646147;auto-portee;Low;3 ans;0.6498702351251517
24.755280109476686;0.03717666262975906;19740;658.2843923456699;802.4809979226816;144.19660557701175;auto-portee;Low;3 ans;0.7004448268312431
29.28054108793904;0.035122466433901114;19958;715.1088889921792;881.1822276423035;166.07333865012427;auto-portee;Hight;3 ans;0.8900644423305866
18.59984987178158;0.035952459276237685;20030;607.8075794377222;741.1093377085672;133.30175827084472;auto-portee;Low;3 ans;0.736963745085029
23.553540034596423;0.03362891599666665;19998;648.5759409006847;814.6804842887367;166.10454338805204;auto-portee;Medium;3 ans;0.8246155799504753
23.767158618143448;0.03458029191547954;19811;701.6972329904088;844.057072546291;142.35983955588222;auto-portee;Low;3 ans;0.679329173144589
29.17202791948597;0.038096142789780484;19827;636.3361505456587;776.0617738692143;139.72562332355554;auto-portee;Low;3 ans;0.7274718729113503
7.432330321553128;0.03400212290451246;20136;635.5482481054643;806.4815732773587;170.93332517189458;auto-portee;Low;3 ans;0.6769334174806505
22.01292227496087;0.04434127037373746;19844;656.5589688983837;817.9916897469668;161.43272084858341;auto-portee;Low;3 ans;0.6815859724573037
35.44173011227888;0.03827178617294594;19822;734.0050046740193;918.5065885159564;184.5015838419373;auto-portee;Medium;3 ans;0.8242858231695398
23.09140522269125;0.03289847281650387;19996;661.759807439618;855.5704028246878;193.81059538506975;auto-portee;Hight;3 ans;0.8662089565892068
26.873477037909023;0.037109514275978785;19659;689.2637087742853;837.2027320557277;147.9390232814426;auto-portee;Medium;3 ans;0.8264740087374425
43.557677127403075;0.09262599203445836;20118;252.5478674890569;357.74788013553285;105.200012646476;electrique;Medium;2 ans;0.8393494323897248
43.19736160426453;0.08241290124208278;19971;277.22902467408414;395.8196926712423;118.59066799715816;electrique;Low;2 ans;0.5322989569232086
29.0446394741046;0.07952867642350625;19904;252.2654218359017;346.70658421321417;94.44116237731257;electrique;Low;2 ans;0.7765307579036125
46.40907335376002;0.08421328462529593;20011;264.58807843538546;385.27538021137366;120.68730177598823;electrique;Low;2 ans;0.6081893747436578
48.15145977160815;0.11106165425844276;19861;275.65443512276147;396.6567759258866;121.00234080312514;electrique;Medium;2 ans;0.6093497276204554
38.75763998797629;0.11293113490451667;19920;241.12494491591136;372.9675544222263;131.84260950631491;electrique;Low;2 ans;0.6525570874658158
34.630023151815394;0.08598425288041434;19687;282.10809535324563;396.0268873890005;113.91879203575485;electrique;Low;2 ans;0.5015090377610947
37.76592547619879;0.09910218464906233;19669;268.13051098870574;400.74811228888495;132.6176013001793;electrique;Medium;2 ans;0.5464691233994672
33.732569140010014;0.09300091610423744;19668;263.3712232662233;374.80987704612863;111.43865377990524;electrique;Low;2 ans;0.6228859383945591
36.42917086101212;0.11297387764152515;20116;241.7190221808741;354.2574855867805;112.53846340590641;electrique;Low;2 ans;0.7529567044590371
21.617560202277737;0.08300339666256995;19939;260.2168675206902;364.69252309763635;104.47565557694608;electrique;Low;2 ans;0.6628581750972926
49.04358386616325;0.0949825975497948;19716;199.3525621210722;318.54077541255856;119.18821329148636;electrique;Low;2 ans;1.0249375479503648
40.405718286368845;0.09416740001481302;19789;252.8630981439951;381.7040801678431;128.84098202384797;electrique;Hight;2 ans;0.7068015247328518
52.6862546788931;0.07775548224642118;20094;310.09700013135534;395.59184888512215;85.49484875376676;electrique;Low;2 ans;0.5663510061175265
36.736227337507046;0.08974052067318865;20220;260.36754084098703;379.72096172702715;119.35342088604008;electrique;Low;2 ans;0.6037803959484052
41.43223805275996;0.09678245263793342;19730;222.97019326118615;361.94906832250837;138.9788750613223;electrique;Low;2 ans;0.7299063569433097
48.67305559787679;0.08918832051505074;19665;250.47643398727124;386.10549809787653;135.6290641106053;electrique;Low;2 ans;0.6177039653916565
28.958665031043644;0.10498612196428596;19894;252.6624808864309;372.1572161380765;119.49473525164566;electrique;Hight;2 ans;0.7300933084081769
35.302764704374646;0.08509956756242379;20142;277.7975022888055;403.23072553908014;125.43322325027457;electrique;Hight;2 ans;0.5689712157683031
37.4456173268991;0.09923491127241033;19714;279.2656295094417;417.60051661940423;138.33488710996255;electrique;Hight;2 ans;0.49405154309017885
55.59810024984786;0.09770351676452638;20192;257.31137998411356;360.6729443916545;103.36156440754091;electrique;Low;2 ans;0.7950157872835213
42.12844936631126;0.0807268842855831;19754;234.67154948355468;352.36038194750466;117.68883246395005;electrique;Low;2 ans;0.7853896867556847
44.78460236907221;0.09093846957801972;19695;264.51137801272756;393.12649821609847;128.61512020337094;electrique;Low;2 ans;0.55671176660436
40.0744441429383;0.0770791695128995;20190;258.00129440250936;347.9086373558484;89.90734295333903;electrique;Low;2 ans;0.794785609110986
31.562013542143603;0.09211319416364154;19938;276.2951411320354;380.7824134857315;104.48727235369611;electrique;Medium;2 ans;0.6445822105053254
48.3278024875977;0.09012896551236893;20000;250.3080468644399;381.997590443392;131.68954357895214;electrique;Medium;2 ans;0.6994863662469912
43.58052585348605;0.09999790322912187;20191;251.87696096482034;373.0056127904968;121.12865182567649;electrique;Medium;2 ans;0.7514881667834534
30.26573954146596;0.08845052181317699;19806;284.07277146894404;403.95237988009484;119.8796084111508;electrique;Medium;2 ans;0.5102970308464987
43.23463468104806;0.0949665406915871;19683;294.0986007119704;407.15689239503024;113.05829168305979;electrique;Hight;2 ans;0.5749307482281747
31.752517613167182;0.09825692389739793;20100;294.35682531769874;400.5117288298421;106.1549035121434;electrique;Low;2 ans;0.46743247599058346
43.937504523314196;0.09367202724274268;20251;267.51097323994304;395.3058095413279;127.79483630138486;electrique;Low;2 ans;0.5401830394937863
28.80247423072055;0.09751021960466176;20018;261.25747365318415;358.3307683831498;97.07329472996565;electrique;Low;2 ans;0.7072792922390958
55.391480236565336;0.10082580102822043;19743;286.84532662712064;377.6482771547535;90.80295052763286;electrique;Low;2 ans;0.687390134024914
29.677606366579262;0.11253478558937093;19926;230.5569168209853;362.3099818084829;131.75306498749757;electrique;Low;2 ans;0.6907839832250686
35.11880793437728;0.08521705995259242;20174;280.0289657638844;405.3148734113162;125.28590764743187;electrique;Low;2 ans;0.4505194839414641
32.4387880582295;0.10310824132670357;19713;238.6201732425406;353.0316996740085;114.41152643146792;electrique;Low;2 ans;0.7501491309678521
37.6984269634511;0.07528152606569752;19696;279.11681779367547;398.68822819304535;119.57141039936995;electrique;Hight;2 ans;0.6021346381769024
60.468516327083385;0.10690630224619622;20209;246.41509647124317;348.03231541518164;101.61721894393837;electrique;Low;2 ans;0.9000356382808072
44.20606001321433;0.09492681043191203;19779;274.1130819873815;353.31154341014525;79.19846142276377;electrique;Low;2 ans;0.7722564643742027
36.22065292938725;0.10249589677707356;19835;254.61477734783696;372.18145959906167;117.56668225122476;electrique;Low;2 ans;0.6464594199872273
44.9837024496107;0.11078520570055224;20203;250.94241374849904;365.625496171119;114.68308242261992;electrique;Medium;2 ans;0.7975398416368695
39.21105517747035;0.1011763104686664;20198;276.4943484952108;381.5858618806809;105.0915133854702;electrique;Low;2 ans;0.5975040743715057
39.841711826266156;0.09746431782860472;20043;296.67890545707695;409.82925150393237;113.15034604685536;electrique;Low;2 ans;0.43779115517151723
33.8370590220089;0.09528345906458792;19688;278.27611813047986;381.4866101361166;103.21049200563677;electrique;Low;2 ans;0.5822007476954059
34.780928926960236;0.0881484220342293;20081;273.0578612143724;378.7496471890848;105.69178597471243;electrique;Low;2 ans;0.6011850276683699
42.90534921519978;0.08768212574675525;19964;264.51059672577173;371.64599734558675;107.13540061981509;electrique;Low;2 ans;0.6698485380010952
40.56744125307014;0.07862528200085786;19999;292.6907134265298;412.3417406483769;119.65102722184722;electrique;Medium;2 ans;0.4939059791413358
35.68528437443347;0.0967282433480002;19769;245.253892431087;339.78981111419466;94.53591868310768;electrique;Low;2 ans;0.8324811957454918
24.922516219354787;0.08761085402349854;20197;274.4023315099916;396.7948927136547;122.39256120366316;electrique;Low;2 ans;0.4787342466173219
41.648905888197795;0.08959855159142717;19727;279.0514835289629;412.33802147994004;133.2865379509771;electrique;Hight;2 ans;0.5390650408857751
36.97244450126314;0.07781117798510069;19908;255.8334068088937;384.54592441954316;128.71251761064943;electrique;Low;2 ans;0.5775680422130152
32.26470990409102;0.09770348316095494;20141;253.4682843891006;369.2357991393992;115.76751475029852;electrique;Hight;2 ans;0.7541023818294126
37.20536771172614;0.10547999397164104;20200;272.75937301722183;376.6191613196232;103.85978830240131;electrique;Low;2 ans;0.620039939301992
36.07192771305136;0.10248619396972757;20176;259.66260704319245;389.67114328067316;130.00853623748068;electrique;Low;2 ans;0.5448123578026012
37.55098527524361;0.09396176274919807;19735;286.3948200853836;398.8895519702134;112.49473188482985;electrique;Medium;2 ans;0.5567675762227453
54.79855096761535;0.1059042561655152;20008;244.6722232898113;349.9353319396317;105.26310864982024;electrique;Low;2 ans;0.8558221897619573
28.405088007911967;0.08757589764850927;20162;266.38564943910137;401.31801971628784;134.93237027718638;electrique;Low;2 ans;0.4581260194477603
36.030890627378014;0.09767797037715292;19984;263.4285879037264;372.659540296736;109.23095239300959;electrique;Low;2 ans;0.641280582983057
57.210665972560165;0.0966900586922636;19750;237.13278938509794;356.9798788171677;119.84708943206977;electrique;Low;2 ans;0.8346533594872736
39.55526257695223;0.1036032136947522;20025;250.55037919734247;359.90576882434664;109.35538962700409;electrique;Low;2 ans;0.7281360182966146
51.23175551430102;0.09941417598637237;19778;258.37121417089816;387.29171259102793;128.92049842012975;electrique;Low;2 ans;0.6224297991974765
42.3141003533669;0.10140922679285364;19933;246.22499824077968;362.1478376875624;115.92283944678269;electrique;Low;2 ans;0.726717251700228
51.1979676229279;0.08794680618691987;20021;278.523020249444;406.2824105401267;127.75939029068266;electrique;Medium;2 ans;0.574944910894204
46.426945537786686;0.09131990880355602;20014;262.2196327055205;383.3344653382106;121.11483263269;electrique;Low;2 ans;0.6197936169433524
47.04972397646844;0.10410897974083616;20033;300.2686666185738;403.2056664606634;102.93699984208959;electrique;Medium;2 ans;0.5652926119834851
45.64004891861389;0.10051740945359744;19708;279.27174018035805;383.67702132242266;104.4052811420646;electrique;Low;2 ans;0.6093971845682833
35.042011797508785;0.10354625165163793;20035;302.8588893210438;420.178529046866;117.31963972582216;electrique;Hight;2 ans;0.4751261873017225
35.92149638573397;0.0974831948801812;19992;276.8298128573313;384.33830689264295;107.50849403531164;electrique;Hight;2 ans;0.6779124472921669
33.15748215686685;0.11383827892274505;19913;275.96180821572483;389.01663173892143;113.0548235231966;electrique;Medium;2 ans;0.5974972706364685
37.40780146095523;0.09535823140715044;20249;273.4452907106913;389.44881812100937;116.00352741031813;electrique;Hight;2 ans;0.6532885243334956
49.537760727945646;0.10167058982919117;20256;278.6117576080478;406.72268976156164;128.1109321535138;electrique;Hight;2 ans;0.6060977904441449
52.40972081637752;0.0833681848574522;19849;271.8846538886485;385.13881941375837;113.25416552510993;electrique;Low;2 ans;0.6365953443750731
38.13384546577973;0.06956357216717958;19757;256.20775177893523;352.22937880544214;96.02162702650686;electrique;Low;2 ans;0.7651310461493064
45.78221279218587;0.10519199260597528;20051;278.23760676458824;413.5732671286318;135.3356603640436;electrique;Hight;2 ans;0.5496086184060265
40.35524990153056;0.0979196020045508;19796;256.3326474496096;356.11924723565727;99.78659978604773;electrique;Medium;2 ans;0.835399258966842
40.1389024124825;0.10316917797574217;20056;271.40681108660016;385.8392287867808;114.43241770018071;electrique;Low;2 ans;0.5780421917717056
44.08104409507724;0.10305631288939207;20149;262.45070967955314;373.571160228512;111.12045054895871;electrique;Low;2 ans;0.664393839586817
62.3751357420697;0.08941394476825906;19925;304.00056486460323;419.36077975865214;115.36021489404884;electrique;Hight;2 ans;0.6123652298223043
43.04739205135668;0.08393463357269558;20216;271.73283001102936;382.0675367658045;110.33470675477508;electrique;Hight;2 ans;0.7148610030835889
46.52596507122418;0.0912207592473203;20138;238.4697385194341;341.35972994678133;102.8899914273472;electrique;Low;2 ans;0.8647188960450227
38.24693555776528;0.09406656602344868;20254;259.11477949140567;378.12364252224836;119.00886303084272;electrique;Low;2 ans;0.6179257174227772
36.476728091950996;0.09718034285666097;19858;296.76212225128717;406.38098166314626;109.61885941185908;electrique;Hight;2 ans;0.5559501766192927
41.818232464362495;0.09562028413239852;20050;242.08807626622416;340.23288580884963;98.14480954262548;electrique;Low;2 ans;0.8505217431328396
32.7176720075238;0.09379485239276612;19919;252.69393304668785;388.4261721012806;135.73223905459275;electrique;Low;2 ans;0.5431282928061085
34.84923564727833;0.09867604885791577;19786;287.30188345397204;393.5834114979405;106.28152804396849;electrique;Medium;2 ans;0.5779681497584996
35.318981435593756;0.09550616440585953;20143;272.0524845082849;388.668756496974;116.61627198868908;electrique;Low;2 ans;0.5466543310721872
45.75938882936462;0.09592214623763266;19667;234.8176742221548;353.0986517215269;118.28097749937211;electrique;Low;2 ans;0.7962840956936885
30.104740630076627;0.09256673919677524;20127;245.20114946598233;382.3557892309673;137.15463976498503;electrique;Medium;2 ans;0.6317027022348913
23.658795302099925;0.09122378889586172;19993;266.89428228158766;368.50451057485634;101.61022829326876;electrique;Hight;2 ans;0.7456120074201475
35.42703743615879;0.08832702371946878;20040;242.29099506941486;349.9469751681265;107.65598009871157;electrique;Low;2 ans;0.7747135952315034
39.9156815646611;0.0822390752161356;19729;273.7005126115939;396.0728750140463;122.37236240245235;electrique;Low;2 ans;0.5190826107075641
38.09807674839456;0.0923318561722286;19870;244.2748161567197;364.9006148461991;120.62579868947931;electrique;Low;2 ans;0.6963133468855713
45.26719793722689;0.1168073944273437;20226;294.41612713273264;404.6378837481518;110.2217566154191;electrique;Medium;2 ans;0.5483845232498852
39.73040978806133;0.09061834945003798;19961;272.54706434438356;374.1976735056147;101.65060916123112;electrique;Low;2 ans;0.6416401729603076
30.787675136263328;0.09589275696698564;19839;240.2325535950819;358.9032495658272;118.67069597074527;electrique;Low;2 ans;0.7119395999585314
48.836983454123676;0.08550437247063758;19833;244.21953156245152;387.38917840185167;143.16964683940014;electrique;Low;2 ans;0.6124399913836935
52.67357456753634;0.09834329570461453;20239;286.7330889591365;400.01952872372567;113.28643976458912;electrique;Low;2 ans;0.5514262992704482
48.84965201618839;0.10678945099932056;19791;298.0350117956208;402.9054325331032;104.87042073748236;electrique;Low;2 ans;0.5126083261584573
29.43343550607516;0.11497972155895987;20204;287.09596638576943;376.0838914318163;88.98792504604685;electrique;Hight;2 ans;0.7101691899917664
41.781888875304354;0.0863740705417542;19852;261.0987987041708;364.00833969941965;102.90954099524876;electrique;Low;2 ans;0.7095054526493341
44.11417534540418;0.0961952762796008;19856;274.90859367856893;382.8292678071991;107.92067412863024;electrique;Low;2 ans;0.6090823273395558
46.57767908359127;0.10479092596430516;19660;260.37892073852765;360.2977088585431;99.9187881200154;electrique;Low;2 ans;0.7497720840146589
49.11389828308916;0.10932619401485308;19979;250.3108091142404;377.97318985400426;127.66238073976395;electrique;Low;2 ans;0.6661227124501328
29.43318740489325;0.11546663427816355;20222;257.16911990969487;371.21419128476373;114.04507137506883;electrique;Low;2 ans;0.6351277332982366
44.740389421832816;0.10885349418718834;20173;262.16101609387937;375.875398398321;113.71438230444166;electrique;Low;2 ans;0.6543005172660434
44.01670186789241;0.09202027458773833;20217;250.3628993984242;362.79246157636254;112.4295621779383;electrique;Low;2 ans;0.7286059400543934
25.27002922849071;0.0999007545928267;19845;278.152302810712;384.40324412154905;106.25094131083708;electrique;Hight;2 ans;0.6564650563929306
34.61045247018467;0.11146057009114853;20225;241.04327223738025;329.07829194073713;88.03501970335684;electrique;Low;2 ans;0.8922350624320581
35.99592096052166;0.09460717395226537;19848;257.4240111084433;380.40703910728325;122.98302799884;electrique;Medium;2 ans;0.6832105631918837
49.48706677295385;0.1008743550993162;20158;263.67057752000824;379.3034352406136;115.63285772060533;electrique;Low;2 ans;0.6565277853362459
51.83296671478717;0.0926396152718795;20048;246.3007612675217;363.901168448216;117.60040718069422;electrique;Low;2 ans;0.7608842861751461
55.83604102777057;0.08374876144583893;19932;273.38210658918746;380.52210504776497;107.13999845857758;electrique;Low;2 ans;0.6806264792188399
44.28090046923121;0.10721370612531314;19834;267.7604199836244;378.63195046797273;110.87153048434836;electrique;Low;2 ans;0.6352862970630371
34.431441539785425;0.0955721203973013;19733;229.6337305660676;361.9069714426538;132.27324087658621;electrique;Low;2 ans;0.7050820884092559
46.22218324979181;0.10174255941112023;20234;286.9255503973746;405.0688782432178;118.14332784584309;electrique;Low;2 ans;0.49155662895430874
43.42194655129406;0.08870334491771757;19720;285.5155374975116;389.2486680011775;103.733130503666;electrique;Low;2 ans;0.5676068720586676
19.11621230629786;0.09179129196636586;20103;259.25487567638504;370.03222120514226;110.77734552875721;electrique;Low;2 ans;0.6307020444847486
39.580722876346044;0.10005586966393913;19879;254.15554258774688;375.61707337156196;121.46153078381506;electrique;Low;2 ans;0.6377849165383798
36.33253765893684;0.08747028304918547;20180;266.53193213632494;393.4400054706172;126.90807333429228;electrique;Low;2 ans;0.5232093148049066
53.997468072591964;0.09879033830742663;20240;265.60193240475394;381.44012381400285;115.83819140924896;electrique;Medium;2 ans;0.7286322191133516
47.815668194803656;0.09876389281644822;20053;282.86875921589007;397.6585513289394;114.78979211304932;electrique;Low;2 ans;0.5408864632326376
38.829114701541975;0.10482644700273816;19878;278.8546992704972;388.34499440095396;109.49029513045684;electrique;Low;2 ans;0.5578303188467184
39.668266079413335;0.09506806989583802;19691;257.77547142893377;363.8596081032363;106.08413667430256;electrique;Low;2 ans;0.7039545886467162
42.896785948382416;0.09067826451476277;19828;274.711277903018;416.63867313847055;141.92739523545256;electrique;Low;2 ans;0.41404698271443285
46.5555299494017;0.10092481768838196;20031;230.44133269360768;338.39150102150205;107.9501683278943;electrique;Low;2 ans;0.8851675859282511
30.488376435315555;0.11334002993149693;19682;310.04399871260176;421.0903423086501;111.04634359604836;electrique;Low;2 ans;0.347671824186917
34.01418392320307;0.10228620831938842;19868;255.8110082562711;368.82840122985465;113.01739297358351;electrique;Medium;2 ans;0.7429513361200062
41.811782218959024;0.10579769850898507;20148;257.07603996091353;361.51357554132426;104.43753558041081;electrique;Low;2 ans;0.7249813879226199
32.958906998270606;0.08569260130864714;20026;244.9433525522385;362.3896167024935;117.44626415025502;electrique;Low;2 ans;0.6958712409121359
38.03836483009388;0.1074632360467774;19820;294.45216093251577;401.7242689539872;107.2721080214715;electrique;Low;2 ans;0.47727415901098214
35.91069947152981;0.08456003002278951;19871;276.02430238824604;400.06884507307535;124.04454268482921;electrique;Low;2 ans;0.4830427842611962
47.56996812315886;0.10982007882933932;19970;274.36337867760744;393.1509420488866;118.78756337127926;electrique;Low;2 ans;0.5669918480846401
40.37519388520408;0.11609358085373472;20123;252.9213089371256;371.4956010149362;118.57429207781055;electrique;Low;2 ans;0.6644132970229211
45.78925126081123;0.0977077671328252;20155;283.5758285257816;413.5894554072303;130.01362688144872;electrique;Low;2 ans;0.44283345002492736
50.035099086008785;0.09746767084893394;19814;266.8155813555577;398.87000878977346;132.05442743421585;electrique;Low;2 ans;0.5490402307015243
32.38389456367697;0.09337588590975204;19881;214.69212275077683;319.83657020331395;105.14444745253714;electrique;Low;2 ans;0.9500293171974497
43.63466044392454;0.1050617929802593;20076;252.00760370053644;353.033479176844;101.0258754763076;electrique;Low;2 ans;0.7814012884906689
35.63612908962663;0.08325588478558595;19944;274.39733135940537;392.77201418755516;118.37468282814986;electrique;Medium;2 ans;0.5881030223406114
45.36981101468158;0.06406630171616705;19994;201.50515843383343;314.6993859952139;113.19422756138049;electrique;Low;2 ans;1.0287780054137177
37.58166971435581;0.0930511153243101;19876;248.8893639406593;384.2427822464225;135.35341830576314;electrique;Medium;2 ans;0.6415618783238419
41.43580666174702;0.10608017881867936;20002;271.40240909949557;381.6149133919624;110.21250429246685;electrique;Low;2 ans;0.606449920150534
42.05640337800804;0.08826813904960587;20219;256.81597719615957;377.37812088513715;120.56214368897751;electrique;Low;2 ans;0.6363309474514298
37.08239947764445;0.10412922419988492;20211;255.43034816939837;377.0555909032287;121.62524273383032;electrique;Medium;2 ans;0.7040203639665719
38.443045335212666;0.11489866684182615;19981;279.9650196500502;396.38956325232107;116.42454360227093;electrique;Medium;2 ans;0.5704395795317696
38.74695474458513;0.10608445126155168;20152;263.16384519979044;356.22368224635846;93.05983704656805;electrique;Low;2 ans;0.7420806003185234
23.82705520774795;0.09172568244899644;19673;291.06997520543325;418.9617234882992;127.89174828286592;electrique;Hight;2 ans;0.45826806286231037
37.788879892405774;0.0900975304685634;20201;293.31925486447466;408.24498549360544;114.92573062913073;electrique;Low;2 ans;0.4403740173298418
31.71770083579565;0.104645031945846;20015;263.03684320757947;391.4588410260401;128.42199781846062;electrique;Hight;2 ans;0.6252218830365357
29.53013423773559;0.09215746264691613;20090;270.55727693094434;389.90686387475154;119.34958694380713;electrique;Medium;2 ans;0.5882588938163478
38.94933610846933;0.10309439406715767;19954;297.60104194960275;418.37147615483633;120.77043420523366;electrique;Hight;2 ans;0.49684023366480945
55.99387415786008;0.08522040627821123;20005;273.14778184103614;398.2283361388189;125.0805542977828;electrique;Low;2 ans;0.5845601103328382
46.11239919564991;0.09852207914476632;19658;253.31082461026557;351.6416811244619;98.33085651419636;electrique;Low;2 ans;0.7988371988688665
39.2923749829214;0.10594477271767276;20199;286.9171609811882;379.52158136873;92.6044203875418;electrique;Low;2 ans;0.6061741660815971
30.7563351620292;0.08990816260069782;20186;264.99303032567724;369.6933182850836;104.70028795940635;electrique;Low;2 ans;0.6450581035370488
41.373630110258105;0.09275075060716012;19972;245.20608559244064;384.68132151530267;139.475235922862;electrique;Low;2 ans;0.5939034553442344
36.58504159233402;0.09493452435196002;19910;263.6063490252485;372.8197615887476;109.213412563499;electrique;Low;2 ans;0.6419320623928941
40.801484961253344;0.09025119747510847;20230;268.8046852471041;394.7799276403438;125.97524239323968;electrique;Hight;2 ans;0.6344662821805529
41.78457139441761;0.10212897715916427;19982;250.5256768720044;373.5743532077482;123.04867633574385;electrique;Low;2 ans;0.6583914572515619
36.74322769338961;0.0829098391481547;19991;214.99437832230208;340.88738721687116;125.89300889456905;electrique;Low;2 ans;0.8383894719230722
27.484067767883506;0.08927507838142561;19787;290.3385119437096;383.30277561220316;92.9642636684936;electrique;Medium;2 ans;0.6227372857483333
44.38274504192393;0.08518816251086947;19689;255.3944311486525;359.2760297356241;103.8815985869715;electrique;Low;2 ans;0.7481335666543343
39.914110360585106;0.09655296503931607;20001;235.4256142667835;353.48606580209656;118.06045153531305;electrique;Low;2 ans;0.7704491120532695
26.688969203921925;0.0904441912756413;19805;227.9543405035542;362.8902953159945;134.9359548124403;electrique;Low;2 ans;0.6818193724549562
28.46693861099244;0.11029252653730748;20193;240.00628016749832;362.517709615596;122.51142944809769;electrique;Low;2 ans;0.6862037414365254
50.12551060388694;0.10488793265322544;19707;234.49492328926624;355.90495686583864;121.4100335765724;electrique;Low;2 ans;0.8014304893975934
33.19869636453093;0.10837612500163916;20082;250.2602892303697;370.0029605794672;119.74267134909759;electrique;Low;2 ans;0.6514934333080453
28.04470815047216;0.1037323912145506;19672;260.5799779333974;355.51265907010315;94.93268113670568;electrique;Low;2 ans;0.7223873642576604
47.889541361574345;0.09363187474655256;19664;222.90965615841708;337.4406177194781;114.53096156106103;electrique;Low;2 ans;0.9000024298987541
39.648426680003325;0.08821742583399975;20208;292.76825938349924;384.48257175840286;91.71431237490368;electrique;Low;2 ans;0.5781154676416418
34.80255007541023;0.0938779791965404;19810;262.6940745262412;370.07673566430697;107.3826611380658;electrique;Low;2 ans;0.6527529035605011
31.827561937533805;0.09864321606453752;20169;250.4056467338181;349.33714947154084;98.93150273772278;electrique;Low;2 ans;0.7671747632932773
50.29004435144191;0.08297229737989167;20218;269.6784232496317;400.2056606271486;130.52723737751697;electrique;Medium;2 ans;0.605903996775329
29.108197980460318;0.09474985213885843;20045;240.24069994468442;346.55787684432914;106.31717689964474;electrique;Low;2 ans;0.7805031465090475
25.88746265503739;0.08952326988936815;19775;261.5430969991361;370.0037031626934;108.46060616355732;electrique;Hight;2 ans;0.7387772181718857
50.693562551982545;0.09708104246550224;20101;243.29569535580362;358.27981730124293;114.98412194543926;electrique;Medium;2 ans;0.869395919369846
47.763361634948254;0.07575731718987004;19997;272.8257457281287;417.90203134537086;145.07628561724218;electrique;Medium;2 ans;0.494669103802011
30.774350487692672;0.09751476050627343;19853;264.81648706374483;371.7016847523391;106.8851976885943;electrique;Medium;2 ans;0.7201697106524101
47.57926619398435;0.11617294242823065;19840;246.2504536832444;387.79628469494463;141.54583101170024;electrique;Low;2 ans;0.6034092659313064
44.3606432340172;0.09759481881399401;20125;296.30851556131836;407.3596630470896;111.05114748577115;electrique;Low;2 ans;0.4687052831267562
42.62690506501679;0.10330283241800577;20187;254.4945583855512;357.83810503902345;103.34354665347223;electrique;Low;2 ans;0.7495973491751569
51.499404873245155;0.10064979766327024;20178;245.51120383247456;362.5013529255897;116.99014909311514;electrique;Low;2 ans;0.767256051532963
38.298356645863954;0.10798741522370928;19816;287.46103435911516;415.6183428622438;128.15730850312866;electrique;Medium;2 ans;0.4625565916512535
56.171810721731255;0.07971255537114835;19684;296.291581829693;403.8669457713694;107.57536394167644;electrique;Low;2 ans;0.5471762861849161
25.922917560310612;0.10773477474479223;20073;293.3658655644216;400.36422974138526;106.99836417696365;electrique;Low;2 ans;0.4584053149216456
33.890900261131826;0.09593839117480434;19903;222.6644867015289;351.8748836550253;129.21039695349646;electrique;Low;2 ans;0.7636669693302682
67.03032072442151;0.2494811066369456;20171;53.401612090562715;64.63590630249685;11.234294211934138;essence;Medium;1 an;0.9533578116680184
45.06375132009242;0.2073878925637992;20061;62.77191953679315;75.00695017479926;12.23503063800612;essence;Low;1 an;0.5166308796416326
78.25157478500894;0.2661990851830627;19873;69.05661170883464;82.95132003553506;13.89470832670043;essence;Hight;1 an;0.6162281273543864
64.01483759061834;0.2374582905200055;20168;62.36559008871697;73.18460450889503;10.819014420178055;essence;Low;1 an;0.6376335744605588
54.187417835622476;0.21817413457219811;19748;58.555816223768204;71.20438068384769;12.648564460079491;essence;Medium;1 an;0.7271213809629153
86.19361136377229;0.22383889845988109;19823;63.965054240076725;73.89088693605349;9.92583269597677;essence;Medium;1 an;0.8579878216188284
68.60982049447934;0.2388874894230156;19965;57.66977450261236;69.07204856947958;11.402274066867216;essence;Low;1 an;0.7764518275145311
68.41619669099039;0.2616528540144506;19953;60.09810018297611;72.56446949860056;12.466369315624444;essence;Low;1 an;0.6905569831027052
40.94607390248037;0.16818328747820846;19836;66.83456608486671;76.60378855643069;9.769222471563973;essence;Low;1 an;0.4547291872641881
50.6530065961461;0.21819016937425928;19884;69.37716687643517;81.11445725163027;11.7372903751951;essence;Medium;1 an;0.4560489465343127
75.43789609742542;0.2255759068939683;19911;66.21098220724424;78.46077638112374;12.24979417387949;essence;Hight;1 an;0.7024739423350166
62.483169912415235;0.19881188037564468;20054;66.27516129647152;77.8549837734978;11.579822477026301;essence;Low;1 an;0.5122667444312081
58.03586539221882;0.20224555479474424;19815;53.183789211246186;63.969203948392725;10.785414737146537;essence;Low;1 an;0.8463690921454503
53.22185149890864;0.176054151091655;19883;63.81484950552082;76.69096276290423;12.876113257383409;essence;Hight;1 an;0.6210399659291106
49.24501163238423;0.21266425806822814;19792;62.86642977618516;72.68933225155173;9.822902475366574;essence;Medium;1 an;0.6611886569260381
64.00864908515547;0.23726058447289455;20185;62.23202816695975;74.11472851167272;11.882700344712974;essence;Hight;1 an;0.7369065082676958
61.24073814524797;0.211469752481172;19768;69.78929762216761;80.24423594863255;10.454938326464926;essence;Low;1 an;0.4312991905680641
66.46013336858223;0.2197455782852268;19741;65.19189186134976;78.98212268788788;13.7902308265381;essence;Medium;1 an;0.5955996494646514
45.83101614604981;0.2489893677185512;20165;62.0741141433103;72.41533028733144;10.341216144021127;essence;Low;1 an;0.5771403471070369
59.55743450087683;0.20039061306730252;19880;62.75732934645367;73.33256244716968;10.575233100715998;essence;Low;1 an;0.6085839536267261
66.22486004097311;0.24477082697606836;19854;63.16091685618789;74.7310025951715;11.570085738983616;essence;Low;1 an;0.614868815650027
71.72954683132052;0.22249655973516227;19671;63.7446986730026;73.45225626362344;9.707557590620835;essence;Low;1 an;0.6721106420838163
59.555419162059714;0.23089222901825598;19674;65.55148158200173;76.06324073897113;10.511759156969383;essence;Low;1 an;0.5375744637458251
48.919469601007386;0.23325657854278176;20039;64.32261773961952;78.18925545610642;13.86663771648691;essence;Low;1 an;0.44762654248442324
78.13056561844279;0.2707657943043082;20130;62.482887135351454;71.57153886216523;9.088651726813787;essence;Low;1 an;0.7633528724195131
55.085187889985654;0.25167974732609216;20206;65.96066611979458;75.79355987385235;9.832893754057764;essence;Low;1 an;0.5204009609008646
61.30446683127513;0.2109175462942373;19867;63.710193479852144;75.358465287733;11.648271807880864;essence;Medium;1 an;0.6520441136747177
49.89334045320234;0.2135464806005785;19895;61.75022380320548;74.03013772980388;12.279913926598391;essence;Low;1 an;0.5577923076867286
76.23975290699738;0.23512448817537435;20084;64.34197919766927;75.92704632126762;11.585067123598357;essence;Low;1 an;0.6523421866591228
67.61768169992618;0.22342556776946013;19817;65.72613637058836;74.47225556990631;8.746119199317953;essence;Low;1 an;0.6132663049379941
53.59430101811968;0.2442146277129278;19857;64.56413683850329;75.2290855967145;10.664948758211192;essence;Low;1 an;0.532975810868205
66.55680617861114;0.23408349239634024;19777;55.544551456295515;66.30318793755235;10.758636481256818;essence;Low;1 an;0.8317909942158463
39.28161748565503;0.22569940753443996;19703;62.598540626044134;73.49974280381572;10.901202177771594;essence;Low;1 an;0.5360382177004896
46.7870659797611;0.23991827693717924;19722;60.57014540499843;73.99393262692823;13.42378722192981;essence;Low;1 an;0.5535783544737787
59.619407771104406;0.23055772026104526;20252;65.54149311729128;75.59132288858824;10.049829771296947;essence;Low;1 an;0.5475992244419294
39.16831414391703;0.23361551947273065;19874;59.82710595011052;70.55353231903558;10.726426368925065;essence;Low;1 an;0.6111581883985524
51.36825225231794;0.200808325138228;19739;62.224929096524114;72.30124238618724;10.076313289663107;essence;Medium;1 an;0.681541941823756
57.20735897594253;0.18986974016749786;20166;69.78004050282438;81.87395490299775;12.093914400173373;essence;Hight;1 an;0.5033105220782192
47.43194754445944;0.21124491538854376;19782;57.29836808130434;67.84158490059461;10.543216819290274;essence;Low;1 an;0.70143188681751
64.11150049843867;0.22461338669509934;19692;62.463614905317456;72.57586641240304;10.112251507085585;essence;Low;1 an;0.6498056113389299
79.3480695379897;0.2597613159704619;19847;63.33091553699419;72.64894322493302;9.318027687938828;essence;Low;1 an;0.7465730079734172
55.822590681920154;0.22304321304814606;19950;68.4003283589901;79.88884670703172;11.488518348041625;essence;Medium;1 an;0.5065920114610147
51.110417459793574;0.20894204746701334;19675;55.80997748176434;65.73378160988156;9.923804128117226;essence;Low;1 an;0.7655181516908454
69.94047991321308;0.21226898201376665;20020;61.88390554201904;71.45012558996625;9.566220047947196;essence;Low;1 an;0.7111794612181612
58.28702848520791;0.21954313265058295;19661;63.002867810122574;75.86625635176611;12.863388541643538;essence;Medium;1 an;0.6266620717601312
47.70041092815739;0.2117757580682943;20227;61.54151729352278;72.45438557519778;10.912868281675;essence;Low;1 an;0.5845335143244692
59.07795690654992;0.2414322440898155;19726;64.11223490713904;76.09982328306306;11.987588375924027;essence;Medium;1 an;0.617490486151693
46.62184796894015;0.2616813346539357;19855;57.373254567145175;66.94869528505653;9.57544071791136;essence;Medium;1 an;0.7903531648267426
56.567385141640976;0.20994149742379034;20003;65.96069922547011;76.80194471285832;10.84124548738819;essence;Low;1 an;0.5060228269183034
47.83842634286847;0.22208839863072527;20135;61.2540574132394;73.4816954656472;12.227638052407794;essence;Low;1 an;0.5646718767920298
87.14291199736435;0.2057271758258668;19751;63.19299121936903;77.7522525350152;14.559261315646177;essence;Low;1 an;0.7174391164913256
58.651800254255754;0.2339124845760121;19956;56.45001570128906;68.08963457136579;11.639618870076749;essence;Low;1 an;0.746694700979234
72.40914246286826;0.19266845765692686;19862;61.644739720745925;73.56725110087719;11.922511380131256;essence;Medium;1 an;0.7712447133841724
35.32311958618635;0.2462819164993625;19947;58.51353813796382;70.20027513398618;11.686736996022358;essence;Low;1 an;0.618145380348579
49.77560308703869;0.2015807937182917;19728;56.419719705665464;67.50322868321726;11.083508977551789;essence;Low;1 an;0.7209732732615524
53.38668099853549;0.2263118946809037;20096;66.08325186448283;77.01143330184897;10.928181437366138;essence;Low;1 an;0.48741766547730103
65.31264051283864;0.2303002986106599;19734;66.23008481972299;77.03174412285465;10.801659303131654;essence;Medium;1 an;0.6247550111535587
51.655980580687206;0.22275627065554784;20062;60.98034795989378;71.05321801394045;10.072870054046671;essence;Low;1 an;0.6303340911870987
44.0538675948586;0.22179763589446666;20113;59.290399291645095;70.12092136859694;10.830522076951844;essence;Low;1 an;0.633906745946955
44.69911666061433;0.20908221984791428;19765;64.20537036998576;75.3947402979269;11.189369927941144;essence;Low;1 an;0.5009241642797124
50.12892007200122;0.17613273671273427;19662;68.40512112322304;80.11028145902594;11.705160335802894;essence;Medium;1 an;0.48705338785816865
50.8078540514169;0.2126169553079165;20131;63.128043459643344;74.0583990633228;10.93035560367946;essence;Low;1 an;0.5537815120873959
52.53468484924112;0.2115668010153959;19975;60.62523272107472;71.34003319752587;10.714800476451144;essence;Low;1 an;0.6296430117249026
70.59063358596603;0.24272360274467494;19941;61.36707533350098;73.1747433392991;11.807668005798115;essence;Low;1 an;0.6848985824060785
62.955874402975766;0.25011635858926085;20074;63.0631314482394;73.69434471086889;10.631213262629489;essence;Low;1 an;0.6173788556975002
49.7474892942296;0.1864518479462369;20147;67.42620068630914;80.20909788237195;12.78289719606282;essence;Hight;1 an;0.5172589569607373
66.11090034566753;0.2350768643843633;20105;62.44103169148652;73.3359420632329;10.89491037174639;essence;Medium;1 an;0.7238992836983615
60.78622216861335;0.20050389445985656;19731;63.415132436314174;74.71320346082372;11.298071024509552;essence;Low;1 an;0.5830706640829226
56.99100238905643;0.2063024736529764;20132;58.96874843892218;71.41646141085688;12.4477129719347;essence;Hight;1 an;0.7718438188908818
40.584536087178186;0.21082653076599184;20042;56.227129306853314;68.02867377191882;11.801544465065506;essence;Low;1 an;0.6843838031918899
67.57987515767988;0.2282809653314715;19797;66.21408560360939;79.76008083721891;13.54599523360951;essence;Hight;1 an;0.6201499474159018
64.23054490295503;0.23057261966003265;20068;64.81265847787077;75.03142128364155;10.218762805770758;essence;Low;1 an;0.5875158517304371
60.344506570744066;0.1975608448846278;20257;62.565379727441794;73.24244327476463;10.677063547322824;essence;Medium;1 an;0.6998431802592608
46.85016546719504;0.2338828799041895;20112;67.56083125989112;79.11393076771475;11.553099507823633;essence;Hight;1 an;0.5320246635318706
71.08462379655249;0.2101564164925057;20063;66.6604970996178;76.59653829690383;9.936041197286029;essence;Low;1 an;0.5878189112790646
58.91873912998028;0.24562600352073136;20077;58.46368867727812;68.03331952970873;9.569630852430617;essence;Medium;1 an;0.8135068742657228
50.32486444552474;0.20573027089502996;19863;71.90377885703343;82.70690345941331;10.803124602379864;essence;Hight;1 an;0.44978051476366643
52.63781308490776;0.203062354804996;20088;63.178034718528274;74.75367951026654;11.575644791738277;essence;Medium;1 an;0.6283609410689093
59.50850392700971;0.2523603230032029;19980;57.3529472678762;68.3630714314436;11.010124163567408;essence;Low;1 an;0.7400793149265175
65.58155915556225;0.2280488069154384;19685;64.95652385386606;77.00236536307683;12.045841509210785;essence;Low;1 an;0.5547105272844743
65.18462268366413;0.1867828512341495;20202;68.3115628320823;78.89246601571914;10.580903183636838;essence;Low;1 an;0.48870022922954925
68.69105608790487;0.2440052951373438;20126;58.91585555367603;69.79272410717614;10.876868553500108;essence;Low;1 an;0.7546922256732524
39.451850894928064;0.2396001578042289;19988;60.7378504964202;71.43238200389291;10.694531507472712;essence;Medium;1 an;0.6653184948349304
69.79834280478839;0.2263758410262469;19821;70.44311872265652;84.41609331538899;13.972974592732454;essence;Hight;1 an;0.5167191848683212
61.23454060171372;0.21901098341334094;20083;57.902356402850636;68.80128733069961;10.89893092784899;essence;Medium;1 an;0.8158509367355327
62.37145693508436;0.2048544232807785;19934;63.7669481002707;76.312857631784;12.5459095315133;essence;Low;1 an;0.5569247206618932
58.515525498540725;0.1961410081548137;20057;64.29680966947203;76.25094983344421;11.954140163972173;essence;Hight;1 an;0.6530252576727045
77.59817391126387;0.20497136932006504;20007;62.00707516618287;73.03701954522221;11.029944379039344;essence;Hight;1 an;0.8528224956221457
64.69559645393963;0.20840293799634454;20214;67.48994164904343;79.25076036176141;11.760818712717953;essence;Low;1 an;0.4831088791797207
63.80021875019823;0.2618855428506006;19770;60.57679636881444;71.33642864569137;10.759632276876935;essence;Low;1 an;0.684098100834174
59.60165401659834;0.2128784649940332;19892;60.900225871407955;72.35956399682091;11.459338125412948;essence;Low;1 an;0.6390219020067582
68.89781364085222;0.223313190881334;19831;71.16510136051149;82.36869085477439;11.203589494262886;essence;Hight;1 an;0.5522075763147325
59.7006655136553;0.2270325275595877;19968;65.28150018412272;75.47808236470264;10.196582180579922;essence;Low;1 an;0.5517184904470231
54.42605951604861;0.2376365586093585;20184;58.72423057620772;71.94180648708121;13.217575910873494;essence;Low;1 an;0.635081544333302
61.19558575160393;0.20484838355194349;20097;69.81302585009058;80.67755684549734;10.864530995406769;essence;Medium;1 an;0.5133900186968323
86.03277560721642;0.2288955104707929;19698;61.4611190507623;73.37799430914599;11.916875258383675;essence;Low;1 an;0.8032783965628885
49.83384511037285;0.20421206284459756;20144;59.32116850260489;71.36577430823061;12.04460580562571;essence;Hight;1 an;0.7418136944013471
60.475636789695166;0.1994788031460445;20247;62.7063373426794;73.60513946883988;10.898802126160467;essence;Low;1 an;0.6079809439965702
45.34077898553904;0.2347521707125661;20104;65.48533549397024;80.82764504071258;15.342309546742339;essence;Low;1 an;0.37368515239855826
74.55509880336706;0.2348221602560453;19736;69.02606020774687;82.09719485063134;13.071134642884465;essence;Medium;1 an;0.5649053182258221
46.188735000060646;0.1874921387304139;19943;62.95414413484945;71.23623616151191;8.28209202666246;essence;Low;1 an;0.5987060301689233
67.08392839948011;0.2603539939953389;19709;67.43193192381814;75.43468872592891;8.002756802110767;essence;Low;1 an;0.5808593404992659
54.68524589366079;0.2286883094441368;20080;63.28037329866189;73.27199217928003;9.991618880618153;essence;Hight;1 an;0.7047250753010172
62.51777785808453;0.23832536586856645;19799;61.40989518627494;72.4375774280749;11.027682241799967;essence;Low;1 an;0.6498967265028446
72.206550170052;0.20536984962532928;20145;62.52208538146641;72.33547919408093;9.813393812614503;essence;Low;1 an;0.7050169793388643
55.51450525820489;0.2228507598005138;19929;62.056145403525676;74.69830272725059;12.642157323724913;essence;Medium;1 an;0.6422313519797336
68.80180169525696;0.21690733863393352;20085;59.536184131222804;70.60845552330314;11.072271392080332;essence;Medium;1 an;0.8149374217379648
64.45407018078984;0.2124756303704333;20109;59.197687913127886;69.17848941707852;9.980801503950627;essence;Low;1 an;0.7391831951179986
74.5628914207464;0.22105061503092546;19955;62.93536440297346;72.26498142100031;9.329617018026854;essence;Low;1 an;0.7202906591665494
50.16447107123071;0.2108053317280278;19945;65.32316891698079;76.75758725396123;11.43441833698044;essence;Medium;1 an;0.5659028974227285
52.381528140609205;0.2211890142095671;20248;59.89140808937057;70.43388837466198;10.542480285291397;essence;Low;1 an;0.6516340543251555
65.77772672707995;0.2353429459457979;20119;63.71708044662576;76.0750421135561;12.357961666930336;essence;Low;1 an;0.58177393588499
48.07331198579658;0.2485521178385437;19983;62.49029493370056;72.75678792216084;10.266492988460302;essence;Medium;1 an;0.6507610904737964
58.65802863454116;0.18633974451823776;20181;60.38471548495032;71.19252293028352;10.807807445333196;essence;Low;1 an;0.6609832707511036
46.01014609997527;0.22836123219592136;19677;64.92078965381991;75.91257321331395;10.991783559494019;essence;Medium;1 an;0.56956843628492
56.85243790848903;0.18184637759240804;20224;65.07551950114939;77.9742635200782;12.8987440189288;essence;Medium;1 an;0.572363600277803
72.91689237046349;0.26586089561908605;19732;68.03139328938154;79.7326519482813;11.701258658899764;essence;Low;1 an;0.5232643579062253
65.39686435008048;0.2128744662821774;19838;57.848350835552985;69.99712847207823;12.148777636525235;essence;Low;1 an;0.7369227837903254
58.155077324399;0.2145181805140485;19899;62.78036832595161;73.4641532948812;10.683784968929592;essence;Low;1 an;0.5989185721105676
42.71456271850882;0.2386227448982147;20099;59.5873889250044;68.31569006857147;8.728301143567089;essence;Low;1 an;0.6671985279463508
60.11188643576355;0.232622050056393;19966;69.46579678027561;78.52834582537915;9.062549045103546;essence;Hight;1 an;0.5919817992718883
70.53193618279174;0.2431832501004177;19807;67.23561408882513;77.6952471827235;10.459633093898393;essence;Medium;1 an;0.6367116410340525
73.9308896630822;0.2417663598199861;20128;58.938753505713;71.34930526139301;12.41055175568;essence;Low;1 an;0.7601777753999333
50.17702788745595;0.2125997146744678;19885;75.91754847159955;89.26599967988535;13.348451208285802;essence;Hight;1 an;0.28943850003193106
55.67491297852128;0.2456191396306608;20196;57.97190610277219;68.64622010041225;10.67431399764008;essence;Low;1 an;0.7125495946824958
64.20722162885633;0.21069804140139453;19809;69.57645234781249;82.5192033794938;12.942751031681302;essence;Hight;1 an;0.5264534411407751
79.6503415604628;0.2199120604760584;19721;57.77313582455677;66.75220753359145;8.979071709034676;essence;Low;1 an;0.8999114264774541
46.29887382819002;0.22345110612457647;19973;62.68264572432631;74.45757999678437;11.77493427245806;essence;Low;1 an;0.5323955629524115
52.9883549577167;0.27252019959067564;20228;62.96669034532009;72.0913167400702;9.12462639475012;essence;Medium;1 an;0.6771627235535731
49.22130255042221;0.21327757412703072;20066;57.41061782104775;69.36600373519104;11.955385914143285;essence;Medium;1 an;0.7533457652897215
58.9332611928084;0.21714953697971712;19705;58.41201149025067;69.99043037701746;11.578418886766794;essence;Low;1 an;0.6980695595596851
55.04040043694972;0.2150186983043177;19681;59.95003663125321;72.2948807393167;12.344844108063494;essence;Medium;1 an;0.702211345992211
52.62463019444807;0.1985452193101899;19781;67.54865369764087;77.71886599318357;10.170212295542699;essence;Hight;1 an;0.5834253805702847
52.6507031349347;0.2048123191524384;19790;63.830842705117924;72.60754941506924;8.776706709951307;essence;Low;1 an;0.5872475507427397
53.95014468304825;0.21708401480668765;20154;64.13995908859559;74.6982644512063;10.558305362610717;essence;Low;1 an;0.5476080819401137
65.7775897268002;0.20445905677489487;19723;61.7631789334353;73.1378433396853;11.374664406250007;essence;Low;1 an;0.6524547412539858
62.302438486845844;0.2188502584549438;19987;60.35248035035889;71.46519010917685;11.112709758817957;essence;Low;1 an;0.6745137632000731
47.92349962019476;0.20600541208657505;20194;68.6659148772079;81.42774721816771;12.761832340959812;essence;Hight;1 an;0.4798090312077754
51.836236329995174;0.26076575112029243;19690;63.383521881437645;75.31562546728878;11.932103585851134;essence;Hight;1 an;0.6476003444717442
53.53850926387882;0.2205279413403317;19710;63.70795443829122;74.91337247722986;11.205418038938642;essence;Low;1 an;0.5436319119947806
69.48964597070106;0.2271039684432013;20133;59.94065029464985;69.9807803594352;10.040130064785354;essence;Low;1 an;0.7494990465076177
57.76637923920557;0.2445931482698048;19914;64.23365789120476;75.49874738644698;11.265089495242224;essence;Low;1 an;0.5474829310933926
56.006335349711286;0.2239673649618338;19804;61.730260126535434;75.08824845266349;13.357988326128071;essence;Low;1 an;0.5608448109479807
54.72973233840495;0.20623345464064854;19744;65.8111087013005;76.92798755582423;11.116878854523726;essence;Low;1 an;0.4960795640671676
54.266052504398544;0.25657973987367466;19846;57.26511979890986;67.84894025606506;10.583820457155216;essence;Low;1 an;0.7266947949103866
50.24001975027094;0.21005907925374215;20195;61.05944788892122;72.38605380790307;11.326605918981848;essence;Low;1 an;0.596992432693519
56.83511807072987;0.229988727152072;19905;63.36953976496915;73.54084387723037;10.171304112261225;essence;Low;1 an;0.5880031250401929
56.50417263169789;0.2528728625145089;19946;65.59270455178284;76.69516572214438;11.10246117036153;essence;Hight;1 an;0.6290663610510543
76.15405127772705;0.2369810843766623;19923;69.80397691449163;80.23660671865005;10.432629804158417;essence;Low;1 an;0.5260787297826819
46.19566991931932;0.2213297182041806;20075;56.48561574979802;68.24541371789718;11.75979796809916;essence;Low;1 an;0.6932974144073276
56.336712284878644;0.22012245505824599;20164;64.35753706099104;76.73684472515984;12.3793076641688;essence;Medium;1 an;0.5931743906437381
58.44743524527946;0.2347085247445699;20095;69.94069353267001;80.94531572473613;11.004622192066124;essence;Hight;1 an;0.5291851071130109
71.64565917312544;0.21027625739063632;20179;60.744624924041325;70.21143079729482;9.466805873253488;essence;Low;1 an;0.754050080252894
77.83005416577895;0.2201793493429342;19851;58.45572167448215;70.0077468108465;11.552025136364355;essence;Low;1 an;0.8191725905691853
65.45300717088368;0.19964275549850186;19962;66.9703665826802;77.83126266386907;10.860896081188876;essence;Hight;1 an;0.6457109800077654
73.62269216936426;0.2414932446899153;19756;67.44745179246848;79.31219713086554;11.864745338397055;essence;Medium;1 an;0.6231535666138748
69.13005544793114;0.21494585575937644;20070;61.9147978542797;73.26061497198577;11.345817117706073;essence;Low;1 an;0.6700672533384957
66.26194571299777;0.21206823879994915;20212;61.28393072304472;72.46433140357823;11.180400680533529;essence;Low;1 an;0.6717398036641486
66.08632393892292;0.20505101687967506;19985;65.09508485984747;78.92165237707319;13.826567517225714;essence;Low;1 an;0.511526658651944
56.886526702001746;0.2021459976515931;19784;64.24175022589799;74.46812649265256;10.22637626675458;essence;Low;1 an;0.5645621903274307
64.95041662190751;0.22368351255966912;20223;66.55237110474515;79.40897535358486;12.856604248839714;essence;Medium;1 an;0.5710437059649283
49.47434138992432;0.2124480256247393;19776;58.90457934741747;69.20043975645595;10.29586040903848;essence;Low;1 an;0.6716338869215497
62.36365052553626;0.2297180333561464;20229;63.342506599286;74.65399522764002;11.311488628354034;essence;Medium;1 an;0.6712055646378616
59.49960913194572;0.250005160623939;19767;61.45009504103085;74.69204006481105;13.241945023780213;essence;Low;1 an;0.5876108624267022
56.79389662356823;0.1897253273553896;19937;66.07447939637409;75.07418433685021;8.999704940476132;essence;Low;1 an;0.5420479871405761
50.71546749862682;0.20327945153597196;20079;63.297494230814756;75.2571023557618;11.95960812494704;essence;Medium;1 an;0.6093055490528239
46.25239625318244;0.22491547434755246;19850;68.51606921221219;78.575196893339;10.059127681126805;essence;Medium;1 an;0.5003116911647383
49.066700804339476;0.2299003518024476;20023;61.21442256987546;71.80816151200496;10.593738942129498;essence;Low;1 an;0.6041937099441164
38.203931480404776;0.23232985776490275;20102;64.35260850757655;76.04312253055933;11.690514022982786;essence;Low;1 an;0.4717052482464581
69.18044717189412;0.21674291656032324;20114;59.21660005213124;72.632248407154;13.415648355022734;essence;Low;1 an;0.6997239676452847
76.80765206185657;0.26644633493089465;20006;59.25378800468953;70.09577409175715;10.841986087067607;essence;Hight;1 an;0.9217008020360389
61.000452230183754;0.21632826323262005;19841;68.73912722597026;81.20404268333375;12.46491545736349;essence;Low;1 an;0.4156336401492231
87.39839572351478;0.1731693278840472;19711;59.701308416651536;70.64209264152505;10.940784224873498;essence;Low;1 an;0.8803318160038156
52.26794043537426;0.22618751903333065;19976;62.66595619198666;74.40193263297945;11.735976440992784;essence;Low;1 an;0.554435542435876
77.65307442526459;0.2089292262079234;20052;65.86594071672548;78.81444941515312;12.948508698427654;essence;Medium;1 an;0.6770702818320753
63.81599962059931;0.2556653437105625;20167;64.74450916615298;75.86638959931778;11.121880433164806;essence;Low;1 an;0.5686779064233587
48.51564617399615;0.2377738259605426;19801;60.87526721161111;73.37910926605373;12.50384205444262;essence;Low;1 an;0.5709344723729715
52.15340875173241;0.25195586677338866;20078;63.72946827472538;73.57282934336062;9.843361068635238;essence;Medium;1 an;0.6422102201891273
67.07789344837397;0.2374260352515735;19942;66.38721214429864;77.06446379324413;10.677251648945472;essence;Medium;1 an;0.6327447572008487
61.23628645986352;0.2492029301430321;19930;61.939339161687954;73.8449756469989;11.90563648531095;essence;Low;1 an;0.6113905454101305
64.07224676586206;0.2365592191779839;19907;59.20762363770679;70.58087894687348;11.373255309166698;essence;Low;1 an;0.7090612185386815
68.18970943006032;0.2302096613518904;20151;56.77122886104063;67.43655878447603;10.665329923435404;essence;Low;1 an;0.8116856993150008
69.64577301696572;0.2173202051580192;19957;65.34653851424545;75.49121554106871;10.144677026823254;essence;Low;1 an;0.6081605766001272
65.56391346713927;0.2393910482363383;19960;63.1884557467494;75.2339058381247;12.045450091375313;essence;Low;1 an;0.6005726604248514
43.8041457177228;0.22370713551544424;19745;64.99966059095773;75.82871943723256;10.829058846274831;essence;Low;1 an;0.4857749503024249
60.89592429959396;0.2328328286035388;20146;65.25092893764011;77.06793627963837;11.817007341998256;essence;Low;1 an;0.525411142351305
69.69571973147688;0.2359238359002044;20172;68.49337568202147;79.94577885997266;11.452403177951187;essence;Medium;1 an;0.5790601586166155
60.58336514302493;0.23142531541720454;20115;66.66467794658817;76.41132905675201;9.74665111016384;essence;Low;1 an;0.5296492015626835
69.30756257185611;0.20255687480534834;19693;57.578382328237346;68.99700004274443;11.418617714507096;essence;Low;1 an;0.7830807169351885
50.3828378752831;0.2230770931718516;19780;59.24346653627872;71.32122951337746;12.077762977098727;essence;Low;1 an;0.6289714086919125
65.73652743396067;0.25276896797507964;20041;61.25456235056244;70.8203413645694;9.56577901400696;essence;Low;1 an;0.7013993448048383
61.457451451790114;0.2373049917264835;19837;61.51137897956632;74.08145448656934;12.570075507003036;essence;Hight;1 an;0.7263270298769751
58.56382205814553;0.2806459573946942;19886;63.636312265046165;75.79885665705245;12.16254439200629;essence;Low;1 an;0.5483009095620051
54.899665561884106;0.2537046475765094;20004;61.690949509766185;72.18094776227923;10.489998252513036;essence;Low;1 an;0.6163685182140077
54.66719907709718;0.1841559626168381;19773;66.31865877846879;76.74302822004672;10.424369441577944;essence;Low;1 an;0.4971387197887802
71.8801537757941;0.2750273743214665;20156;59.99215526390257;70.21085846448682;10.218703200584251;essence;Medium;1 an;0.8314161170491872
43.98653123777543;0.2401430939642389;19882;65.89126757545435;76.7847941657823;10.893526590327948;essence;Medium;1 an;0.5393869715103077
69.96965425509768;0.2313238864142113;20161;64.99161589346062;77.86121601966155;12.869600126200915;essence;Hight;1 an;0.6818150389634123
62.86588778025075;0.2494875272442047;20064;63.189420384587535;73.83759760266915;10.64817721808163;essence;Low;1 an;0.6132663665343854
52.895313719102106;0.23644499641627598;19978;65.79628363409921;75.65354163407069;9.85725799997148;essence;Medium;1 an;0.5946936563659277
62.909413705103255;0.23751151293406503;20137;56.396103181091654;68.31273653359558;11.916633352503922;essence;Medium;1 an;0.8388631149861772
60.363644132865325;0.22031444649448853;19824;63.21081129022922;73.72692012082742;10.516108830598187;essence;Low;1 an;0.602109650817499
76.55874547041445;0.18820173556298947;19906;64.65579494804219;73.81434272881391;9.158547780771713;essence;Low;1 an;0.6937307885520803
67.56988580796812;0.19321261165420686;20205;70.5924230611068;84.21204501483214;13.619621953725336;essence;Low;1 an;0.38173970771425036
47.83392353544307;0.2330163015023927;20177;55.569852012645825;65.61109429119352;10.041242278547694;essence;Low;1 an;0.7580333878234677
56.54230086384717;0.2046019722739414;20242;69.30819487854329;84.31683204679094;15.008637168247645;essence;Low;1 an;0.3249488278601995
48.82133456882685;0.2109003360085976;19678;65.5971708523882;76.78434807121162;11.187177218823418;essence;Low;1 an;0.47761165124560767
60.45247271374782;0.23143297863729506;19977;57.50530951332171;68.80841332586796;11.303103812546249;essence;Low;1 an;0.735055046548938
57.723777674680484;0.2132583996930803;20019;62.90460344401482;73.70920762907423;10.804604185059418;essence;Low;1 an;0.5911761980082777
61.262874358527185;0.245028894295938;19940;58.40054335644096;69.76318525156361;11.362641895122644;essence;Low;1 an;0.7147545308474703
39.25404910488269;0.1908247347530004;20032;63.6802372426354;74.69157084028515;11.011333597649736;essence;Low;1 an;0.5057114324260046
75.01979535104155;0.21507909934050645;20017;66.55294524711096;78.5141912487853;11.96124600167434;essence;Low;1 an;0.5718304335968907
59.143255975971286;0.2231550744903112;19901;60.4186049808054;69.39922244296586;8.980617462160463;essence;Low;1 an;0.699291970004166
72.14725445256985;0.2092900111953556;19761;65.67744258688589;78.37517523326123;12.69773264637534;essence;Low;1 an;0.5592100693115065
54.57930038777332;0.2374138046858682;20087;64.3521774478965;75.9477988763487;11.595621428452215;essence;Low;1 an;0.5231799578190914
78.88091930244669;0.26083356798334584;19948;65.42283662538287;76.99669035839634;11.573853733013479;essence;Medium;1 an;0.7179147079573298
49.098470685761484;0.2274432207589481;20122;62.384797387798045;72.00524881245461;9.620451424656556;essence;Medium;1 an;0.6749223950839442
70.74246397504278;0.2095934793305345;19829;55.47822473870843;67.80728064254825;12.329055903839835;essence;Low;1 an;0.8301432912978965
56.48581369923228;0.19241749665203087;19725;61.61877146456044;73.67374629455445;12.054974829994011;essence;Low;1 an;0.5930283051274363
59.25485818368828;0.21351648212723;19922;66.24150201564632;75.50537510708766;9.263873091441328;essence;Low;1 an;0.5437978467667794
56.10975026711106;0.23514855898971004;19800;71.37484288924938;85.01749350988524;13.64265062063585;essence;Hight;1 an;0.4229441825309288
63.872591602559005;0.2320751577819533;20013;65.90051171805513;76.9973566417222;11.09684492366708;essence;Low;1 an;0.5395678612995747
47.7156870134966;0.20993244456322946;20182;65.0764456131772;74.80807104678239;9.731625433605187;essence;Hight;1 an;0.6391413790542435
52.505328436838134;0.27891221046099185;20037;57.13393129908928;69.85002335805386;12.716092058964582;essence;Medium;1 an;0.7445597399398831
40.882147381082326;0.21178356778258128;20055;60.8080555204465;70.83532042755624;10.027264907109736;essence;Low;1 an;0.6041900465871137
63.95399962330363;0.1881866004118869;20089;68.10110328447362;80.93656187126818;12.83545858679456;essence;Low;1 an;0.4408378773012802
55.43225636175272;0.22287271812832649;19900;57.40549004040268;69.85189421161375;12.446404171211071;essence;Low;1 an;0.6899875175381065
73.96153679409562;0.2347702702107915;20243;69.13562309697106;82.04846482918845;12.912841732217366;essence;Low;1 an;0.4776757387416768
60.222376173929746;0.20797293776996534;19813;61.98633897613521;71.83490083441713;9.848561858281936;essence;Low;1 an;0.6466167315059508
70.68371080164229;0.2406345207920517;19918;62.35027055016982;73.5284737877573;11.178203237587486;essence;Low;1 an;0.6723447609254336
56.67145278182746;0.2282598483150809;19712;59.97254703151136;70.91027858927083;10.937731557759466;essence;Medium;1 an;0.7375351937418224
66.28760210533845;0.211959431209028;20241;66.01192994136578;76.66220724945507;10.650277308089288;essence;Low;1 an;0.5598243592140184
71.58427830824735;0.20825833175294695;20244;61.5013380432384;72.88215875433431;11.380820711095913;essence;Hight;1 an;0.8143601894398105
67.55951463067932;0.22648585701541574;19843;57.38904036625879;70.62679311892659;13.237752752667793;essence;Low;1 an;0.7407037060332218
61.129000981619825;0.19151085653343894;19785;64.99441078969339;75.71684802681814;10.722437237124767;essence;Low;1 an;0.5556944880497778
88.68066976663347;0.2078328548259129;20093;67.1913575000722;79.80995783381194;12.618600333739733;essence;Low;1 an;0.658298847301114
60.91804638519614;0.2597049593226388;19680;68.54249246475261;79.93874654349705;11.396254078744436;essence;Low;1 an;0.442458276494611
52.83693438311172;0.2473474773760281;19676;59.07354805211168;69.23077015430329;10.157222102191618;essence;Low;1 an;0.6825660511286531
33.3157904431821;0.20141505768921605;19764;62.361170418621676;75.57277049419825;13.211600075576587;essence;Hight;1 an;0.5982654117475903
83.63428032017434;0.2414430491678411;20059;58.345279405245435;67.59849757061902;9.253218165373584;essence;Low;1 an;0.9131121906424666
51.951599876580474;0.2075846007291945;20157;60.454865330775995;70.44317177036334;9.988306439587351;essence;Low;1 an;0.646799863175513
92.66666563998243;0.19970491232341134;19989;59.245036738235065;70.95739927668845;11.712362538453393;essence;Low;1 an;0.929471838030445
53.363093542612106;0.2164585110479063;19902;60.43776852751953;70.8619841576668;10.424215630147264;essence;Hight;1 an;0.7625687513530051
42.52356650743556;0.2069028738569611;20110;59.44431212493123;70.7402993117654;11.29598718683418;essence;Low;1 an;0.61614329783873
65.10175845380638;0.2256112724037031;19719;62.24564014025779;74.27420930735924;12.028569167101455;essence;Medium;1 an;0.700258638237441
55.792572846152865;0.16789232214636296;20067;64.38159998666477;76.61136123985116;12.229761253186384;essence;Low;1 an;0.5145120598985544
48.90670729824063;0.21486451814157725;19866;62.30492440826278;72.10211241517615;9.797188006913384;essence;Low;1 an;0.5921054476940992
69.81901741810378;0.2407011420051431;20016;59.75749018366994;70.91444828338142;11.156958099711472;essence;Low;1 an;0.7345869474200011
43.96026761391658;0.21598661001714367;19752;56.96819317391841;67.89923171419105;10.931038540272642;essence;Low;1 an;0.6917815664119797
57.99346601059138;0.19587499788811452;20117;68.08024471780233;80.86813378939135;12.787889071589055;essence;Medium;1 an;0.500797148798779
81.0495582997775;0.22421463865096208;20069;61.37917061265947;71.20828124039981;9.829110627740334;essence;Low;1 an;0.8014326137918817
45.59199880140775;0.2120242101730984;19891;64.12725908921239;74.46915628425539;10.341897195042998;essence;Low;1 an;0.5234667698342275
76.27199094505869;0.20902656076808887;20232;62.98391039690046;73.1562731002234;10.17236270332294;essence;Medium;1 an;0.7985680345507589
70.53158794663145;0.219570212831182;20215;65.2022396227796;74.704171497325;9.501931874545402;essence;Low;1 an;0.6303948327887139
58.62123469148053;0.2597636754431786;19869;62.60225274267064;73.56366518343644;10.961412440765807;essence;Medium;1 an;0.6732031027647489
52.1509841815697;0.21460793322173186;19887;66.16128606623805;76.44398560170514;10.282699535467092;essence;Low;1 an;0.4940540413801222
73.1535535501121;0.242334528376544;19746;64.59761667743608;75.58737013852594;10.989753461089848;essence;Low;1 an;0.6347143100632664
57.75872933969775;0.1644738341378106;19872;61.19758293366562;72.01467956306796;10.817096629402345;essence;Low;1 an;0.6353541276935788
69.05809219299502;0.22381387120883384;20150;65.4020197224003;76.81321483622294;11.411195113822643;essence;Low;1 an;0.5776423695292188
55.3176431730678;0.205901497579035;19798;65.6750205781767;78.97618842690427;13.30116784872756;essence;Low;1 an;0.45004592799840637
60.8083358106046;0.2448301730833385;19771;68.80473404180836;80.99558776452197;12.190853722713616;essence;Low;1 an;0.4186183547404192
39.35058659684722;0.249772177760886;19959;65.7513518818612;75.57991973789873;9.828567856037534;essence;Low;1 an;0.4781715441138643
54.364311426963894;0.2674197074389095;19694;60.408276203227025;72.62517421303552;12.216898009808506;essence;Low;1 an;0.61169658731525
35.94088606576646;0.1953674125039901;20140;59.24933388289686;70.89803873193699;11.648704849040113;essence;Low;1 an;0.6007943498866801
60.14841991572285;0.2201026244971108;20047;59.62004505255268;70.98461271618825;11.364567663635574;essence;Low;1 an;0.6770689385134276
52.394056586275596;0.2291648338820774;19830;67.22075408413346;80.1986902632591;12.977936179125642;essence;Low;1 an;0.4043264571306553
60.918113387539044;0.2654204701445653;19679;58.49624950626037;72.78641707413023;14.290167567869856;essence;Medium;1 an;0.7172234509555815
55.76545176100464;0.2442805070813607;19995;64.52963404386;77.30141198188699;12.771777938027;essence;Low;1 an;0.49922161098864404
71.50268995630495;0.18662840241162326;20111;66.84885798163612;75.54218545949759;8.693327477861494;essence;Low;1 an;0.6102388369345646
45.62039168743224;0.22059595610830848;20235;62.2226656767511;72.45299359354863;10.230327916797526;essence;Low;1 an;0.5750450836441157
68.67427549417752;0.22263224668486506;19969;67.22938220445371;79.50963891564909;12.280256711195404;essence;Low;1 an;0.5037372862787772
64.66945582914124;0.2212447060631344;19949;65.75119894055675;76.05469202551211;10.303493084955358;essence;Hight;1 an;0.684370068060669
76.01946561018666;0.21317746900182585;19917;67.98121396736771;79.8495203317502;11.868306364382509;essence;Low;1 an;0.5439541087774336
52.53472345563664;0.21120087616171385;19928;63.99627495540698;76.2752528165184;12.278977861111429;essence;Hight;1 an;0.6269136272093352
59.781339161575154;0.2539068112966842;20027;64.01920161598377;75.07196049994471;11.052758883960953;essence;Low;1 an;0.567267690820884
55.92101648498499;0.1966926868355736;19990;64.293289420668;75.32032182866568;11.027032407997675;essence;Low;1 an;0.5423726518976877
54.8307136733021;0.19293804666189504;19912;60.504888171355226;69.66875386302601;9.163865691670779;essence;Low;1 an;0.6738813512523061
57.920191082319256;0.23679737969019665;19753;65.055521382572;76.46129927765321;11.405777895081199;essence;Low;1 an;0.524032020505842
72.56525238647261;0.2062088971431253;19921;67.86219228007113;81.09016724585922;13.227974965788091;essence;Hight;1 an;0.6182005041005623
65.36074206837641;0.1757150807438069;19916;61.02921176696477;71.35844834236933;10.329236575404568;essence;Medium;1 an;0.7781893933035993
60.64807296445402;0.247900617201012;20207;60.223107347757356;71.53914945522091;11.316042107463545;essence;Low;1 an;0.6649372300714285
71.54268412436375;0.2123216231331699;19706;68.0508509681019;79.78666517654554;11.735814208443653;essence;Hight;1 an;0.6381068650441575
71.23207910125286;0.20215017429802898;20034;69.56021615431408;82.68179854703412;13.121582392720034;essence;Low;1 an;0.4430315383252865
37.92158845342861;0.2314909276206688;20170;60.820913943766044;73.10289630372868;12.281982359962644;essence;Low;1 an;0.5495502206299885
66.81509499750999;0.2088365164423377;20120;62.18859373958743;75.06851039499001;12.879916655402587;essence;Medium;1 an;0.6967937826071844
69.8380644266584;0.232348889608348;19724;57.68639400908278;66.99576310389112;9.309369094808345;essence;Low;1 an;0.8246076623381653
54.11974149153286;0.2334947880472221;20237;57.66106870475253;70.36891861353169;12.70784990877915;essence;Medium;1 an;0.7458962908797895
66.49385461387465;0.18821525341654904;20163;61.0929376404371;73.16911164948074;12.076174009043653;essence;Low;1 an;0.6602122593433208
47.332507939573965;0.2152597721967701;19749;60.72973670234735;72.01546328749042;11.285726585143061;essence;Medium;1 an;0.6764523534586964
74.36665832795664;0.2477829575341648;20108;63.68410664153844;74.6206296737375;10.936523032199064;essence;Low;1 an;0.6682222761331147
78.35810738003558;0.21436783649205413;19890;63.49071560066138;75.27398094060055;11.783265339939167;essence;Low;1 an;0.687130205309626
62.81804688936949;0.2297864121176906;19842;61.18958733624181;71.49211727557292;10.302529939331112;essence;Medium;1 an;0.7507065354847899
69.72092326159421;0.26448810607447004;20124;61.53596624347805;73.46507623547436;11.929109991996304;essence;Low;1 an;0.6722469137673794
52.040335905341436;0.22021784089876975;19802;56.43941149283183;66.08295963515798;9.643548142326145;essence;Low;1 an;0.7583538664136031
68.58800285033674;0.2394023703341997;19702;64.66782925328971;76.10849041729867;11.440661164008961;essence;Low;1 an;0.5930746505789608
49.47318146385882;0.2329726508952903;19888;64.9103403658884;75.53522587839599;10.624885512507602;essence;Hight;1 an;0.6291131121847335
57.682470147880714;0.24492163529350214;19760;68.29443470867182;78.69353078985712;10.399096081185306;essence;Low;1 an;0.453535985436035
40.24853988029561;0.2166726859517384;20231;60.274775209362964;74.07204827845716;13.797273069094198;essence;Low;1 an;0.5354184476423782
60.03912977584782;0.2013105749996771;19951;53.8884089502481;64.90541874079732;11.017009790549231;essence;Low;1 an;0.8333122647756641
65.98386570345691;0.2106874891728964;19755;67.29689947369548;77.33293124035391;10.036031766658418;essence;Medium;1 an;0.6212969342388028
64.39771988903183;0.20423665384724696;20010;59.49488823028905;68.18253009281005;8.687641862521001;essence;Low;1 an;0.7565509769940735
85.50561852198695;0.2553167969289959;19666;60.793922925236636;70.38545555775877;9.591532632522147;essence;Low;1 an;0.8594276093310951
60.9090278530016;0.21550571590177106;19701;56.6944394364806;66.92761279045698;10.233173353976381;essence;Low;1 an;0.7799835242035444
76.04434953061562;0.25957053585843004;19927;61.738391604762136;75.8302957036381;14.091904098875988;essence;Low;1 an;0.6694516322555801
80.67815745207419;0.2400917557487384;19738;60.58074524206497;71.2584707841859;10.677725542120921;essence;Medium;1 an;0.8795291791453697
75.07735729633539;0.251436042799214;20129;63.35288749211443;76.7144126273962;13.361525135281786;essence;Low;1 an;0.6342647553323144
54.32922108210642;0.2362529529354163;19772;70.60931567827393;84.72903551008916;14.119719831815233;essence;Hight;1 an;0.4238689573781387
60.986417521820925;0.23275123691814806;19793;63.98039660360188;76.69471384187847;12.714317238276589;essence;Medium;1 an;0.616331566046932
68.08859049385808;0.20935013653916584;19974;59.16477216622694;71.2028266999932;12.038054533766275;essence;Low;1 an;0.7213952198722531
51.942378328176616;0.22468065419777072;19766;64.09193917657778;77.51842406661821;13.426484890040426;essence;Low;1 an;0.480540544918147
47.97275178443431;0.1991328384608277;20153;58.64978563178311;67.467243826972;8.81745819518888;essence;Medium;1 an;0.7895696543921114
58.536676412300174;0.2521338926045889;19758;63.61877215660222;73.90436199077322;10.285589834171004;essence;Low;1 an;0.5871811546820926
58.047987018811426;0.2255191637677749;19860;67.75540289376244;78.07242033707846;10.317017443316017;essence;Medium;1 an;0.5586697183130918
71.33257462801039;0.22580831784668084;20189;57.64441384086889;68.18712673049482;10.542712889625934;essence;Low;1 an;0.8119682798464702
55.43589471629714;0.20592667076434648;20024;55.32940273284667;68.01302861597077;12.683625883124089;essence;Low;1 an;0.7394985000566563
63.78866968982678;0.1770281707904889;20255;63.34414463065824;73.88178258492933;10.537637954271082;essence;Low;1 an;0.6166228553948923
49.87961466982957;0.20455271690454652;20238;66.35465769150747;78.21484983747227;11.860192145964804;essence;Low;1 an;0.44104334993464667
48.63573481893214;0.2037568013077405;20233;63.824706657718274;75.31494402080517;11.490237363086909;essence;Low;1 an;0.5163519755010908
70.95577380910203;0.2202068433887183;19915;56.866787157886286;66.85737360835087;9.990586450464574;essence;Low;1 an;0.8403648637301357
52.74380288473069;0.23465085309027456;20245;62.13386248326994;73.08276541311973;10.948902929849789;essence;Medium;1 an;0.6639019007924611
45.88975715239891;0.2618201066022696;19759;63.22213540649183;75.9467839093423;12.724648502850487;essence;Low;1 an;0.49691109587044036
72.77466290142542;0.21923597280876791;19717;67.25328796448295;77.15167490702723;9.898386942544269;essence;Low;1 an;0.5847945081255663
59.109064364517934;0.1621228012007405;19889;64.27207711643543;74.25467963813902;9.982602521703578;essence;Low;1 an;0.5792448285062595
67.99931363239769;0.2449953714883055;19825;65.73328677106713;76.96163786375071;11.228351092683596;essence;Medium;1 an;0.642119472362014
57.8897805255641;0.2258558682305436;19877;65.957629966698;78.09609593922565;12.13846597252765;essence;Medium;1 an;0.5637645333971362
45.109395823323965;0.22734934337688364;20022;63.12359746166028;72.55150438848786;9.427906926827582;essence;Low;1 an;0.5673356712768374
82.03432861320745;0.19236323691157664;20210;63.101450114388115;71.81840231269477;8.716952198306647;essence;Low;1 an;0.7857226461659803
65.84866586303926;0.2103235983422712;20121;58.77052085921323;70.7969862971848;12.026465437971561;essence;Low;1 an;0.7179489188999628
53.99003915004077;0.279467272429953;19718;64.84914095033132;76.14954594793073;11.30040499759942;essence;Low;1 an;0.5139949833008006
76.2061810877287;0.23580004268103785;19931;60.7061713125187;71.80637155442312;11.100200241904423;essence;Low;1 an;0.7563428605232272
72.17805251037142;0.2019870232579098;19700;69.2072752246861;80.42510367829951;11.217828453613393;essence;Low;1 an;0.49723135919000816
38.097761828960685;0.22342918332031791;19774;63.6452445051071;74.69811413429034;11.052869629183256;essence;Medium;1 an;0.5832556447440329
61.98633687737646;0.20813399322441525;19663;61.15794842553286;71.9607300328811;10.802781607348228;essence;Low;1 an;0.6580888936615681
63.29737225669275;0.1786221669458588;19686;63.10594435705917;73.42789480479243;10.321950447733279;essence;Low;1 an;0.624387259916878
61.064359395388756;0.19719543009320364;19936;59.20314446723479;68.54304434984381;9.339899882609012;essence;Low;1 an;0.7332509156665545
67.33633488664815;0.1915681537427616;20036;62.613979818737576;73.02771613466264;10.413736315925064;essence;Medium;1 an;0.7447985369412096
79.80946384096141;0.19419634733059368;19963;65.270924416421;78.25454595623314;12.983621539812155;essence;Low;1 an;0.6226140341586794
56.465478334606026;0.20271763148849534;20175;56.63844494001097;67.62693362652958;10.98848868651861;essence;Low;1 an;0.7444974697988818
59.5038912853279;0.21930733295060825;19762;66.07456859437855;77.9714081105693;11.896839516190731;essence;Hight;1 an;0.6136172884171547
56.45219669327045;0.2316618080815621;19670;59.16107502412965;68.10667704032745;8.945602016197816;essence;Low;1 an;0.7200629837944996
67.59907111028718;0.2280472774292095;19697;62.00710004734324;72.99797021487943;10.990870167536187;essence;Low;1 an;0.6649372269275109
66.42541351620129;0.25168823988274336;19865;66.1377920321543;77.70477347907546;11.566981446921156;essence;Medium;1 an;0.6135450475316411
48.838803132154986;0.1945414864097191;19783;59.382629165283;68.55775499333735;9.175125828054354;essence;Low;1 an;0.6802904152346767
54.836717296322135;0.24229348636631756;20250;59.7693716668131;72.61347240072966;12.844100733916573;essence;Low;1 an;0.6173759967322012
49.50975732414873;0.2199394786140841;20236;65.29671797975733;77.82990123844813;12.533183258690777;essence;Medium;1 an;0.5379514848054678
59.54061100905161;0.2032077931468584;19896;61.86793006089244;72.79711560681028;10.92918554591784;essence;Medium;1 an;0.7072099988470915
77.79783628058621;0.25048770464830555;20038;66.02369364248248;78.24936663965444;12.225672997171955;essence;Low;1 an;0.6016572036804828
62.6415012415711;0.2128658863448203;19898;69.31518651037635;80.04654493629384;10.731358425917504;essence;Low;1 an;0.4453270969919849
56.504037132758036;0.1934593897965386;20098;60.08494363408415;69.6436380917416;9.558694457657444;essence;Low;1 an;0.6840010014280149
64.47515479965382;0.23391771096925376;19803;66.9544197468659;80.52126208463764;13.566842337771742;essence;Medium;1 an;0.5406335680101795
55.51492603498278;0.21120831192073847;19952;70.01955754066482;81.33779602388178;11.318238483216966;essence;Hight;1 an;0.5067752895793487
70.29192650947212;0.15534285093165032;20107;60.95817337424166;72.00790077556452;11.04972740132285;essence;Low;1 an;0.7085146330212393
64.45348464085383;0.181305214489602;20071;66.99685446514421;78.66235729643897;11.66550283129474;essence;Hight;1 an;0.6218057809451085
58.2176990306889;0.2557098978322518;19812;66.84232469390082;80.04702910743917;13.204704413538346;essence;Hight;1 an;0.558703923993165
54.407920286319616;0.22823213284488544;19742;70.59407155421707;83.56128492512622;12.967213370909148;essence;Low;1 an;0.32544554363709555
